{"chosen_weight": 0.4732361337683524, "rejected_weight": 0.08586103181076672, "entropy": 2.7939829960536993, "size": 613}