{
    "chosen_weight": 0.4894248708381171,
    "rejected_weight": 0.08272190729047073,
    "entropy": 2.781875955966184,
    "size": 1742,
    "min_entropy": 0.13174007530476972,
    "max_entropy": 6.630592089725436,
    "min_rejected_weight": 0.0078125,
    "max_rejected_weight": 0.8203125,
    "min_chosen_weight": 0.0078125,
    "max_chosen_weight": 0.984375,
    "min_entropy_-3": 0.0034303865940020174,
    "max_entropy_-3": 437.3672680532126,
    "mean_entropy_-3": 1.5461914223081135,
    "min_chosen_weight_rev_-3": 1.023808535806048,
    "max_chosen_weight_rev_-3": 262144.0,
    "mean_chosen_weight_rev_-3": 839.4498848025517,
    "min_rejected_weight_-3": 1.8115987474354822,
    "max_rejected_weight_-3": 2097152.0,
    "mean_rejected_weight_-3": 345230.6252175664,
    "min_entropy_-2.5": 0.00883322355817563,
    "max_entropy_-2.5": 158.74689211977633,
    "mean_entropy_-2.5": 0.9056043565648,
    "min_chosen_weight_rev_-2.5": 1.0198014420121362,
    "max_chosen_weight_rev_-2.5": 32768.0,
    "mean_chosen_weight_rev_-2.5": 160.27301276682036,
    "min_rejected_weight_-2.5": 1.6407849976257787,
    "max_rejected_weight_-2.5": 185363.80004736633,
    "mean_rejected_weight_-2.5": 32239.18048973917,
    "min_entropy_-2": 0.022745494214889958,
    "max_entropy_-2": 57.618796829171636,
    "mean_entropy_-2": 0.6300483576392825,
    "min_chosen_weight_rev_-2": 1.0158100316200633,
    "max_chosen_weight_rev_-2": 4096.0,
    "mean_chosen_weight_rev_-2": 36.004260414412556,
    "min_rejected_weight_-2": 1.486077097505669,
    "max_rejected_weight_-2": 16384.0,
    "mean_rejected_weight_-2": 3121.156711774403,
    "min_entropy_-1.5": 0.05856950225161571,
    "max_entropy_-1.5": 20.91332752225749,
    "mean_entropy_-1.5": 0.5347486555058961,
    "min_chosen_weight_rev_-1.5": 1.0118342432464162,
    "max_chosen_weight_rev_-1.5": 512.0,
    "mean_chosen_weight_rev_-1.5": 10.026465135046543,
    "min_rejected_weight_-1.5": 1.3459564433648965,
    "max_rejected_weight_-1.5": 1448.1546878700494,
    "mean_rejected_weight_-1.5": 322.52395021968175,
    "min_entropy_-1.25": 0.09398523053211941,
    "max_entropy_-1.25": 12.599479835285914,
    "mean_entropy_-1.25": 0.5321364787443632,
    "min_chosen_weight_rev_-1.25": 1.009852188199905,
    "max_chosen_weight_rev_-1.25": 181.01933598375618,
    "mean_chosen_weight_rev_-1.25": 5.824592984788396,
    "min_rejected_weight_-1.25": 1.280931300900161,
    "max_rejected_weight_-1.25": 430.5389646099018,
    "mean_rejected_weight_-1.25": 107.88891467815218,
    "min_entropy_-1": 0.15081609401814502,
    "max_entropy_-1": 7.590704633245298,
    "mean_entropy_-1": 0.5562652516000167,
    "min_chosen_weight_rev_-1": 1.0078740157480315,
    "max_chosen_weight_rev_-1": 64.0,
    "mean_chosen_weight_rev_-1": 3.6232541876301996,
    "min_rejected_weight_-1": 1.2190476190476192,
    "max_rejected_weight_-1": 128.0,
    "mean_rejected_weight_-1": 37.5093342706963,
    "min_entropy_-0.75": 0.24201136802145412,
    "max_entropy_-0.75": 4.573109174539516,
    "mean_entropy_-0.75": 0.608649768020088,
    "min_chosen_weight_rev_-0.75": 1.0058997182852853,
    "max_chosen_weight_rev_-0.75": 22.627416997969522,
    "mean_chosen_weight_rev_-0.75": 2.4106909523906466,
    "min_rejected_weight_-0.75": 1.1601536292081738,
    "max_rejected_weight_-0.75": 38.05462768008707,
    "mean_rejected_weight_-0.75": 13.705879944993129,
    "min_entropy_-0.5": 0.3883504783287192,
    "max_entropy_-0.5": 2.755123342655515,
    "mean_entropy_-0.5": 0.6938876691961652,
    "min_chosen_weight_rev_-0.5": 1.0039292882210538,
    "max_chosen_weight_rev_-0.5": 8.0,
    "mean_chosen_weight_rev_-0.5": 1.707102224976139,
    "min_rejected_weight_-0.5": 1.1041048949477668,
    "max_rejected_weight_-0.5": 11.313708498984761,
    "mean_rejected_weight_-0.5": 5.324797666594673,
    "min_entropy_0.1": 0.8165293326004911,
    "max_entropy_0.1": 1.2082456246222295,
    "mean_entropy_0.1": 1.0909155718924526,
    "min_chosen_weight_rev_0.1": 0.6597539553864471,
    "max_chosen_weight_rev_0.1": 0.9992159897506638,
    "mean_chosen_weight_rev_0.1": 0.91682341771059,
    "min_rejected_weight_0.1": 0.6155722066724582,
    "max_rejected_weight_0.1": 0.9803878783622479,
    "mean_rejected_weight_0.1": 0.7425775774203003,
    "min_entropy_0.2": 0.6667201509970033,
    "max_entropy_0.2": 1.4598574894187617,
    "mean_entropy_0.2": 1.1948579635496612,
    "min_chosen_weight_rev_0.2": 0.43527528164806206,
    "max_chosen_weight_rev_0.2": 0.9984325941733988,
    "mean_chosen_weight_rev_0.2": 0.8451720766033832,
    "min_rejected_weight_0.2": 0.3789291416275995,
    "max_rejected_weight_0.2": 0.9611603920396299,
    "mean_rejected_weight_0.2": 0.558081874589183,
    "min_entropy_0.5": 0.3629601566353664,
    "max_entropy_0.5": 2.5749936096474952,
    "mean_entropy_0.5": 1.6041582836529962,
    "min_chosen_weight_rev_0.5": 0.125,
    "max_chosen_weight_rev_0.5": 0.9960860906568267,
    "mean_chosen_weight_rev_0.5": 0.681047491243031,
    "min_rejected_weight_0.5": 0.08838834764831845,
    "max_rejected_weight_0.5": 0.9057110466368399,
    "mean_rejected_weight_0.5": 0.2535558951223811,
    "min_entropy_0.7": 0.24199285043782753,
    "max_entropy_0.7": 3.7591237062493468,
    "mean_entropy_0.7": 1.9833467473330328,
    "min_chosen_weight_rev_0.7": 0.05440941020600777,
    "max_chosen_weight_rev_0.7": 0.9945248195145348,
    "mean_chosen_weight_rev_0.7": 0.6013878032182101,
    "min_rejected_weight_0.7": 0.03349292070425917,
    "max_rejected_weight_0.7": 0.8705335846600886,
    "mean_rejected_weight_0.7": 0.15776324220938243,
    "min_entropy_1": 0.13174007530476972,
    "max_entropy_1": 6.630592089725436,
    "mean_entropy_1": 2.781875955966184,
    "min_chosen_weight_rev_1": 0.015625,
    "max_chosen_weight_rev_1": 0.9921875,
    "mean_chosen_weight_rev_1": 0.5105751291618829,
    "min_rejected_weight_1": 0.0078125,
    "max_rejected_weight_1": 0.8203125,
    "mean_rejected_weight_1": 0.08272190729047073,
    "min_entropy_1.5": 0.04781639836777418,
    "max_entropy_1.5": 17.07373225922223,
    "mean_entropy_1.5": 5.109035948836577,
    "min_chosen_weight_rev_1.5": 0.001953125,
    "max_chosen_weight_rev_1.5": 0.9883041680735702,
    "mean_chosen_weight_rev_1.5": 0.4067834874727372,
    "min_rejected_weight_1.5": 0.0006905339660024879,
    "max_rejected_weight_1.5": 0.7429660929442827,
    "mean_rejected_weight_1.5": 0.03256656107479325,
    "min_entropy_1.75": 0.02880755089736845,
    "max_entropy_1.75": 27.397853844360068,
    "mean_entropy_1.75": 7.0420110967324945,
    "min_chosen_weight_rev_1.75": 0.0006905339660024879,
    "max_chosen_weight_rev_1.75": 0.9863682054622106,
    "mean_chosen_weight_rev_1.75": 0.3689072094652069,
    "min_rejected_weight_1.75": 0.0002052969763803014,
    "max_rejected_weight_1.75": 0.7070723043463463,
    "mean_rejected_weight_1.75": 0.021585628107147672,
    "min_entropy_2": 0.017355447441306397,
    "max_entropy_2": 43.96475146032952,
    "mean_entropy_2": 9.798722536424856,
    "min_chosen_weight_rev_2": 0.000244140625,
    "max_chosen_weight_rev_2": 0.98443603515625,
    "mean_chosen_weight_rev_2": 0.3372910649576636,
    "min_rejected_weight_2": 6.103515625e-05,
    "max_rejected_weight_2": 0.67291259765625,
    "mean_rejected_weight_2": 0.014752323400276263,
    "min_entropy_2.5": 0.006299335921773439,
    "max_entropy_2.5": 113.2089540600889,
    "mean_entropy_2.5": 19.438366567068794,
    "min_chosen_weight_rev_2.5": 3.0517578125e-05,
    "max_chosen_weight_rev_2.5": 0.9805830417604955,
    "mean_chosen_weight_rev_2.5": 0.28747081411136594,
    "min_rejected_weight_2.5": 5.3947966093944364e-06,
    "max_rejected_weight_2.5": 0.6094643731183569,
    "mean_rejected_weight_2.5": 0.007458328672324604,
    "min_entropy_3": 0.0022864079528656777,
    "max_entropy_3": 291.5123332596058,
    "mean_entropy_3": 39.6169153648273,
    "min_chosen_weight_rev_3": 3.814697265625e-06,
    "max_chosen_weight_rev_3": 0.9767451286315918,