{
    "chosen_weight": 0.4732361337683524,
    "rejected_weight": 0.08586103181076672,
    "entropy": 2.7939829960536993,
    "size": 613,
    "min_entropy": 0.11611507530476972,
    "max_entropy": 6.601409765557392,
    "min_rejected_weight": 0.0078125,
    "max_rejected_weight": 0.578125,
    "min_chosen_weight": 0.0078125,
    "max_chosen_weight": 0.984375,
    "min_entropy_0.1": 0.8062855207389482,
    "max_entropy_0.1": 1.2077127997643333,
    "mean_entropy_0.1": 1.0931464149268264,
    "min_chosen_weight_rev_0.1": 0.6597539553864471,
    "max_chosen_weight_rev_0.1": 0.9992159897506638,
    "mean_chosen_weight_rev_0.1": 0.9213849628976508,
    "min_rejected_weight_0.1": 0.6155722066724582,
    "max_rejected_weight_0.1": 0.9466777611192098,
    "mean_rejected_weight_0.1": 0.7520193252762758,
    "min_entropy_0.2": 0.6500963409532768,
    "max_entropy_0.2": 1.4585702067146047,
    "mean_entropy_0.2": 1.1993747611412646,
    "min_chosen_weight_rev_0.2": 0.43527528164806206,
    "max_chosen_weight_rev_0.2": 0.9984325941733988,
    "mean_chosen_weight_rev_0.2": 0.8532628430487088,
    "min_rejected_weight_0.2": 0.3789291416275995,
    "max_rejected_weight_0.2": 0.8961987833976796,
    "mean_rejected_weight_0.2": 0.5709816039545712,
    "min_entropy_0.5": 0.34075662180619426,
    "max_entropy_0.5": 2.5693208763323807,
    "mean_entropy_0.5": 1.6150384997255665,
    "min_chosen_weight_rev_0.5": 0.125,
    "max_chosen_weight_rev_0.5": 0.9960860906568267,
    "mean_chosen_weight_rev_0.5": 0.6952029907426529,
    "min_rejected_weight_0.5": 0.08838834764831845,
    "max_rejected_weight_0.5": 0.7603453162872774,
    "mean_rejected_weight_0.5": 0.2639846798797338,
    "min_entropy_0.7": 0.2215246329918065,
    "max_entropy_0.7": 3.7475348817082694,
    "mean_entropy_0.7": 1.996963502547594,
    "min_chosen_weight_rev_0.7": 0.05440941020600777,
    "max_chosen_weight_rev_0.7": 0.9945248195145348,
    "mean_chosen_weight_rev_0.7": 0.6171243992613352,
    "min_rejected_weight_0.7": 0.03349292070425917,
    "max_rejected_weight_0.7": 0.681420547418782,
    "mean_rejected_weight_0.7": 0.16467390159114675,
    "min_entropy_1": 0.11611507530476972,
    "max_entropy_1": 6.601409765557392,
    "mean_entropy_1": 2.7939829960536993,
    "min_chosen_weight_rev_1": 0.015625,
    "max_chosen_weight_rev_1": 0.9921875,
    "mean_chosen_weight_rev_1": 0.5267638662316476,
    "min_rejected_weight_1": 0.0078125,
    "max_rejected_weight_1": 0.578125,
    "mean_rejected_weight_1": 0.08586103181076672,
    "min_entropy_1.5": 0.039566980801625184,
    "max_entropy_1.5": 16.961139923871052,
    "mean_entropy_1.5": 5.0818915023403095,
    "min_chosen_weight_rev_1.5": 0.001953125,
    "max_chosen_weight_rev_1.5": 0.9883041680735702,
    "mean_chosen_weight_rev_1.5": 0.4217139342578211,
    "min_rejected_weight_1.5": 0.0006905339660024879,
    "max_rejected_weight_1.5": 0.43957463597858226,
    "mean_rejected_weight_1.5": 0.03299050926390666,
    "min_entropy_2": 0.013482710713032343,
    "max_entropy_2": 43.578610892796505,
    "mean_entropy_2": 9.6096135444984,
    "min_chosen_weight_rev_2": 0.000244140625,
    "max_chosen_weight_rev_2": 0.98443603515625,
    "mean_chosen_weight_rev_2": 0.3506703711256117,
    "min_rejected_weight_2": 6.103515625e-05,
    "max_rejected_weight_2": 0.334228515625,
    "mean_rejected_weight_2": 0.014436258188468597,
    "min_entropy_2.5": 0.004594322955363086,
    "max_entropy_2.5": 111.96743472842773,
    "mean_entropy_2.5": 18.749873645479752,
    "min_chosen_weight_rev_2.5": 3.0517578125e-05,
    "max_chosen_weight_rev_2.5": 0.9805830417604955,
    "mean_chosen_weight_rev_2.5": 0.29978201556201317,
    "min_rejected_weight_2.5": 5.3947966093944364e-06,
    "max_rejected_weight_2.5": 0.2541290864251179,
    "mean_rejected_weight_2.5": 0.0069933636024519935,
    "min_entropy_3": 0.001565545969756176,
    "max_entropy_3": 287.68026751713256,
    "mean_entropy_3": 37.5432389370151,
    "min_chosen_weight_rev_3": 3.814697265625e-06,
    "max_chosen_weight_rev_3": 0.9767451286315918,
    "mean_chosen_weight_rev_3": 0.2617217759323742,
    "min_rejected_weight_3": 4.76837158203125e-07,
    "max_rejected_weight_3": 0.19322586059570312,
    "mean_rejected_weight_3": 0.0036716204483007333
}