{"chosen_weight": 0.47328176062091504, "rejected_weight": 0.08589920343137254, "entropy": 2.7929317990219884, "size": 612}