{"chosen_weight": 0.8596857936817472, "rejected_weight": 0.056875243759750393, "entropy": 0.8125608598538939, "size": 1282}