{
    "chosen_weight": 0.8596857936817472,
    "rejected_weight": 0.056875243759750393,
    "entropy": 0.8125608598538939,
    "size": 1282,
    "min_entropy": 0.06591441234324169,
    "max_entropy": 5.695836304633681,
    "min_rejected_weight": 0.0078125,
    "max_rejected_weight": 0.828125,
    "min_chosen_weight": 0.03125,
    "max_chosen_weight": 0.9921875,
    "min_entropy_-3": 0.005411622599447907,
    "max_entropy_-3": 3491.876268734647,
    "mean_entropy_-3": 449.93552386997493,
    "min_chosen_weight_rev_-3": 1.0999295089120875,
    "max_chosen_weight_rev_-3": 2097152.0,
    "mean_chosen_weight_rev_-3": 285831.1222920241,
    "min_rejected_weight_-3": 1.760809258649758,
    "max_rejected_weight_-3": 2097152.0,
    "mean_rejected_weight_-3": 717115.4569461113,
    "min_entropy_-2.5": 0.012915352130009309,
    "max_entropy_-2.5": 896.4974090426919,
    "mean_entropy_-2.5": 124.12480270940107,
    "min_chosen_weight_rev_-2.5": 1.0826067017539651,
    "max_chosen_weight_rev_-2.5": 185363.80004736633,
    "mean_chosen_weight_rev_-2.5": 26876.84902899511,
    "min_rejected_weight_-2.5": 1.6023606121291,
    "max_rejected_weight_-2.5": 185363.80004736633,
    "mean_rejected_weight_-2.5": 65613.5766288419,
    "min_entropy_-2": 0.030823716468911477,
    "max_entropy_-2": 230.16497222895575,
    "mean_entropy_-2": 35.737960868039664,
    "min_chosen_weight_rev_-2": 1.065556711758585,
    "max_chosen_weight_rev_-2": 16384.0,
    "mean_chosen_weight_rev_-2": 2624.8770027037654,
    "min_rejected_weight_-2": 1.4581701673193308,
    "max_rejected_weight_-2": 16384.0,
    "mean_rejected_weight_-2": 6124.041887432967,
    "min_entropy_-1.5": 0.07356373154923496,
    "max_entropy_-1.5": 59.092099884287805,
    "mean_entropy_-1.5": 11.080773840531922,
    "min_chosen_weight_rev_-1.5": 1.0487752423241539,
    "max_chosen_weight_rev_-1.5": 1448.1546878700494,
    "mean_chosen_weight_rev_-1.5": 274.14594416888247,
    "min_rejected_weight_-1.5": 1.326954881919411,
    "max_rejected_weight_-1.5": 1448.1546878700494,
    "mean_rejected_weight_-1.5": 591.4809990094667,
    "min_entropy_-1.25": 0.11364573080414991,
    "max_entropy_-1.25": 29.941566576294765,
    "mean_entropy_-1.25": 6.447020764178547,
    "min_chosen_weight_rev_-1.25": 1.0404838786612531,
    "max_chosen_weight_rev_-1.25": 430.5389646099018,
    "mean_chosen_weight_rev_-1.25": 92.31264383258502,
    "min_rejected_weight_-1.25": 1.2658438340210454,
    "max_rejected_weight_-1.25": 430.5389646099018,
    "mean_rejected_weight_-1.25": 187.65239243983305,
    "min_entropy_-1": 0.17556684330736108,
    "max_entropy_-1": 15.171188886470162,
    "mean_entropy_-1": 3.9108005175497023,
    "min_chosen_weight_rev_-1": 1.032258064516129,
    "max_chosen_weight_rev_-1": 128.0,
    "mean_chosen_weight_rev_-1": 32.38010318470695,
    "min_rejected_weight_-1": 1.2075471698113207,
    "max_rejected_weight_-1": 128.0,
    "mean_rejected_weight_-1": 60.77221288053447,
    "min_entropy_-0.75": 0.2712263474466206,
    "max_entropy_-0.75": 7.687138601865313,
    "mean_entropy_-0.75": 2.5019079435796554,
    "min_chosen_weight_rev_-0.75": 1.0240972816701321,
    "max_chosen_weight_rev_-0.75": 38.05462768008707,
    "mean_chosen_weight_rev_-0.75": 11.998878173980607,
    "min_rejected_weight_-0.75": 1.1519352767926725,
    "max_rejected_weight_-0.75": 38.05462768008707,
    "mean_rejected_weight_-0.75": 20.246504148390695,
    "min_entropy_-0.5": 0.4190069728624585,
    "max_entropy_-0.5": 3.895021038000971,
    "mean_entropy_-0.5": 1.7079150793538946,
    "min_chosen_weight_rev_-0.5": 1.016001016001524,
    "max_chosen_weight_rev_-0.5": 11.313708498984761,
    "mean_chosen_weight_rev_-0.5": 4.776576889140945,
    "min_rejected_weight_-0.5": 1.0988845115895123,
    "max_rejected_weight_-0.5": 11.313708498984761,
    "mean_rejected_weight_-0.5": 7.012407145796424,
    "min_entropy_0.1": 0.7619001138162563,
    "max_entropy_0.1": 1.1900240815369956,
    "mean_entropy_0.1": 0.9332703571094584,
    "min_chosen_weight_rev_0.1": 0.6155722066724582,
    "max_chosen_weight_rev_0.1": 0.9968301647383214,
    "mean_chosen_weight_rev_0.1": 0.7688250425879001,
    "min_rejected_weight_0.1": 0.6155722066724582,
    "max_rejected_weight_0.1": 0.9813176034914732,
    "mean_rejected_weight_0.1": 0.7023215134399768,
    "min_entropy_0.2": 0.5804917834332243,
    "max_entropy_0.2": 1.41615731463797,
    "mean_entropy_0.2": 0.8816966563945033,
    "min_chosen_weight_rev_0.2": 0.3789291416275995,
    "max_chosen_weight_rev_0.2": 0.993670377332229,
    "mean_chosen_weight_rev_0.2": 0.6010696836121835,
    "min_rejected_weight_0.2": 0.3789291416275995,
    "max_rejected_weight_0.2": 0.9629842389222483,
    "mean_rejected_weight_0.2": 0.5002924853511223,
    "min_entropy_0.5": 0.2567380227843973,
    "max_entropy_0.5": 2.386595127924651,
    "mean_entropy_0.5": 0.796004668866484,
    "min_chosen_weight_rev_0.5": 0.08838834764831845,
    "max_chosen_weight_rev_0.5": 0.9842509842514764,
    "mean_chosen_weight_rev_0.5": 0.31575670719202437,
    "min_rejected_weight_0.5": 0.08838834764831845,
    "max_rejected_weight_0.5": 0.9100137361600648,
    "mean_rejected_weight_0.5": 0.197916746381724,
    "min_entropy_0.7": 0.14903431272123455,
    "max_entropy_0.7": 3.379794147489836,
    "mean_entropy_0.7": 0.7823722771908594,
    "min_chosen_weight_rev_0.7": 0.03349292070425917,
    "max_chosen_weight_rev_0.7": 0.9780210469107823,
    "mean_chosen_weight_rev_0.7": 0.2205702439033236,
    "min_rejected_weight_0.7": 0.03349292070425917,
    "max_rejected_weight_0.7": 0.8763288851248917,
    "mean_rejected_weight_0.7": 0.11513238129919591,
    "min_entropy_1": 0.06591441234324169,
    "max_entropy_1": 5.695836304633681,
    "mean_entropy_1": 0.8125608598538939,
    "min_chosen_weight_rev_1": 0.0078125,
    "max_chosen_weight_rev_1": 0.96875,
    "mean_chosen_weight_rev_1": 0.14031420631825273,
    "min_rejected_weight_1": 0.0078125,
    "max_rejected_weight_1": 0.828125,
    "mean_rejected_weight_1": 0.056875243759750393,
    "min_entropy_1.5": 0.016922735897999343,
    "max_entropy_1.5": 13.59365517409509,
    "mean_entropy_1.5": 0.9897218513449207,
    "min_chosen_weight_rev_1.5": 0.0006905339660024879,
    "max_chosen_weight_rev_1.5": 0.9534931409936177,
    "mean_chosen_weight_rev_1.5": 0.07821847183279547,
    "min_rejected_weight_1.5": 0.0006905339660024879,
    "max_rejected_weight_1.5": 0.7536051252575536,
    "mean_rejected_weight_1.5": 0.022224293474951067,
    "min_entropy_1.75": 0.008574635603324143,
    "max_entropy_1.75": 21.000306047902168,
    "mean_entropy_1.75": 1.147472855194422,
    "min_chosen_weight_rev_1.75": 0.0002052969763803014,
    "max_chosen_weight_rev_1.75": 0.9459550546019712,
    "mean_chosen_weight_rev_1.75": 0.061836031099985124,
    "min_rejected_weight_1.75": 0.0002052969763803014,
    "max_rejected_weight_1.75": 0.718898897085385,
    "mean_rejected_weight_1.75": 0.015115901205031696,
    "min_entropy_2": 0.004344709754554893,
    "max_entropy_2": 32.442551209183065,
    "mean_entropy_2": 1.366194533415902,
    "min_chosen_weight_rev_2": 6.103515625e-05,
    "max_chosen_weight_rev_2": 0.9384765625,
    "mean_chosen_weight_rev_2": 0.0502820662142892,
    "min_rejected_weight_2": 6.103515625e-05,
    "max_rejected_weight_2": 0.685791015625,
    "mean_rejected_weight_2": 0.010729856684501755,
    "min_entropy_2.5": 0.001115452191956507,
    "max_entropy_2.5": 77.4272346532823,
    "mean_entropy_2.5": 2.06977933506948,
    "min_chosen_weight_rev_2.5": 5.3947966093944364e-06,
    "max_chosen_weight_rev_2.5": 0.9236964803375672,
    "mean_chosen_weight_rev_2.5": 0.035478356319856505,
    "min_rejected_weight_2.5": 5.3947966093944364e-06,
    "max_rejected_weight_2.5": 0.6240792443539116,
    "mean_rejected_weight_2.5": 0.005972942868964535,
    "min_entropy_3": 0.0002863789902734356,
    "max_entropy_3": 184.78746099220223,
    "mean_entropy_3": 3.3704236096421556,
    "min_chosen_weight_rev_3": 4.76837158203125e-07,