{"chosen_weight": 0.8275691699604744, "rejected_weight": 0.05237154150197629, "entropy": 1.0425635665007578, "size": 253}