{
    "chosen_weight": 0.8275691699604744,
    "rejected_weight": 0.05237154150197629,
    "entropy": 1.0425635665007578,
    "size": 253,
    "min_entropy": 0.06591441234324169,
    "max_entropy": 6.701057324168044,
    "min_rejected_weight": 0.0078125,
    "max_rejected_weight": 0.671875,
    "min_chosen_weight": 0.015625,
    "max_chosen_weight": 0.9921875,
    "min_entropy_-3": 0.003323303467021957,
    "max_entropy_-3": 3491.876268734647,
    "mean_entropy_-3": 230.42177166802372,
    "min_chosen_weight_rev_-3": 1.048378904765904,
    "max_chosen_weight_rev_-3": 2097152.0,
    "mean_chosen_weight_rev_-3": 143401.15657374074,
    "min_rejected_weight_-3": 3.2971184927113337,
    "max_rejected_weight_-3": 2097152.0,
    "mean_rejected_weight_-3": 593941.7912069034,
    "min_entropy_-2.5": 0.008602836463117339,
    "max_entropy_-2.5": 896.4974090426919,
    "mean_entropy_-2.5": 66.86003632909537,
    "min_chosen_weight_rev_-2.5": 1.0401561981663188,
    "max_chosen_weight_rev_-2.5": 185363.80004736633,
    "mean_chosen_weight_rev_-2.5": 14118.221550403268,
    "min_rejected_weight_-2.5": 2.7025814779117305,
    "max_rejected_weight_-2.5": 185363.80004736633,
    "mean_rejected_weight_-2.5": 55080.75259628574,
    "min_entropy_-2": 0.022269647038120538,
    "max_entropy_-2": 230.16497222895575,
    "mean_entropy_-2": 20.750524833296804,
    "min_chosen_weight_rev_-2": 1.0319979843789369,
    "max_chosen_weight_rev_-2": 16384.0,
    "mean_chosen_weight_rev_-2": 1479.0633945780974,
    "min_rejected_weight_-2": 2.2152514872904274,
    "max_rejected_weight_-2": 16384.0,
    "mean_rejected_weight_-2": 5245.337845329702,
    "min_entropy_-1.5": 0.05764810028979235,
    "max_entropy_-1.5": 59.092099884287805,
    "mean_entropy_-1.5": 7.162715132554797,
    "min_chosen_weight_rev_-1.5": 1.02390375756997,
    "max_chosen_weight_rev_-1.5": 1448.1546878700494,
    "mean_chosen_weight_rev_-1.5": 171.551318031581,
    "min_rejected_weight_-1.5": 1.815796930471944,
    "max_rejected_weight_-1.5": 1448.1546878700494,
    "mean_rejected_weight_-1.5": 521.7766085481055,
    "min_entropy_-1.25": 0.09275147687836209,
    "max_entropy_-1.25": 29.941566576294765,
    "mean_entropy_-1.25": 4.454049847613421,
    "min_chosen_weight_rev_-1.25": 1.019880482295018,
    "max_chosen_weight_rev_-1.25": 430.5389646099018,
    "mean_chosen_weight_rev_-1.25": 61.82365851757122,
    "min_rejected_weight_-1.25": 1.6439530035593264,
    "max_rejected_weight_-1.25": 430.5389646099018,
    "mean_rejected_weight_-1.25": 168.72013525049232,
    "min_entropy_-1": 0.14923018139143482,
    "max_entropy_-1": 15.171188886470162,
    "mean_entropy_-1": 2.9079318661666473,
    "min_chosen_weight_rev_-1": 1.0158730158730158,
    "max_chosen_weight_rev_-1": 128.0,
    "mean_chosen_weight_rev_-1": 23.435996364440985,
    "min_rejected_weight_-1": 1.4883720930232558,
    "max_rejected_weight_-1": 128.0,
    "mean_rejected_weight_-1": 55.85153393477107,
    "min_entropy_-0.75": 0.24010018802531652,
    "max_entropy_-0.75": 7.687138601865313,
    "mean_entropy_-0.75": 2.0102561750151415,
    "min_chosen_weight_rev_-0.75": 1.0118812961854617,
    "max_chosen_weight_rev_-0.75": 38.05462768008707,
    "mean_chosen_weight_rev_-0.75": 9.45038296672106,
    "min_rejected_weight_-0.75": 1.3475150947102388,
    "max_rejected_weight_-0.75": 38.05462768008707,
    "mean_rejected_weight_-0.75": 19.060933275454172,
    "min_entropy_-0.5": 0.38630322467128697,
    "max_entropy_-0.5": 3.895021038000971,
    "mean_entropy_-0.5": 1.4828302412214427,
    "min_chosen_weight_rev_-0.5": 1.0079052613579393,
    "max_chosen_weight_rev_-0.5": 11.313708498984761,
    "mean_chosen_weight_rev_-0.5": 4.100686367432956,
    "min_rejected_weight_-0.5": 1.2199885626608373,
    "max_rejected_weight_-0.5": 11.313708498984761,
    "mean_rejected_weight_-0.5": 6.765575014131574,
    "min_entropy_0.1": 0.7619001138162563,
    "max_entropy_0.1": 1.2095235628430188,
    "mean_entropy_0.1": 0.9573932464129767,
    "min_chosen_weight_rev_0.1": 0.6155722066724582,
    "max_chosen_weight_rev_0.1": 0.9984264037062179,
    "mean_chosen_weight_rev_0.1": 0.7884541072267999,
    "min_rejected_weight_0.1": 0.6155722066724582,
    "max_rejected_weight_0.1": 0.9610120829646304,
    "mean_rejected_weight_0.1": 0.7040164897886642,
    "min_entropy_0.2": 0.5804917834332243,
    "max_entropy_0.2": 1.4629472490724702,
    "mean_entropy_0.2": 0.9272256111253652,
    "min_chosen_weight_rev_0.2": 0.3789291416275995,
    "max_chosen_weight_rev_0.2": 0.9968552836177318,
    "mean_chosen_weight_rev_0.2": 0.6310477791497273,
    "min_rejected_weight_0.2": 0.3789291416275995,
    "max_rejected_weight_0.2": 0.9235442236040177,
    "mean_rejected_weight_0.2": 0.5015599307349641,
    "min_entropy_0.5": 0.2567380227843973,
    "max_entropy_0.5": 2.5886400530332607,
    "mean_entropy_0.5": 0.9000277842767823,
    "min_chosen_weight_rev_0.5": 0.08838834764831845,
    "max_chosen_weight_rev_0.5": 0.9921567416492215,
    "mean_chosen_weight_rev_0.5": 0.3528615567026232,
    "min_rejected_weight_0.5": 0.08838834764831845,
    "max_rejected_weight_0.5": 0.81967981553775,
    "mean_rejected_weight_0.5": 0.19548419559487842,
    "min_entropy_0.7": 0.14903431272123455,
    "max_entropy_0.7": 3.787043844423822,
    "mean_entropy_0.7": 0.9289034407730442,
    "min_chosen_weight_rev_0.7": 0.03349292070425917,
    "max_chosen_weight_rev_0.7": 0.9890366900899793,
    "mean_chosen_weight_rev_0.7": 0.2560610559737852,
    "min_rejected_weight_0.7": 0.03349292070425917,
    "max_rejected_weight_0.7": 0.7570105588446958,
    "mean_rejected_weight_0.7": 0.11119886745968131,
    "min_entropy_1": 0.06591441234324169,
    "max_entropy_1": 6.701057324168044,
    "mean_entropy_1": 1.0425635665007578,
    "min_chosen_weight_rev_1": 0.0078125,
    "max_chosen_weight_rev_1": 0.984375,
    "mean_chosen_weight_rev_1": 0.1724308300395257,
    "min_rejected_weight_1": 0.0078125,
    "max_rejected_weight_1": 0.671875,
    "mean_rejected_weight_1": 0.05237154150197629,
    "min_entropy_1.5": 0.016922735897999343,
    "max_entropy_1.5": 17.346625387013287,
    "mean_entropy_1.5": 1.4678866017892118,
    "min_chosen_weight_rev_1.5": 0.0006905339660024879,
    "max_chosen_weight_rev_1.5": 0.9766542925609524,
    "mean_chosen_weight_rev_1.5": 0.10622810813597501,
    "min_rejected_weight_1.5": 0.0006905339660024879,
    "max_rejected_weight_1.5": 0.5507223760644259,
    "mean_rejected_weight_1.5": 0.01861362503390611,
    "min_entropy_1.75": 0.008574635603324143,
    "max_entropy_1.75": 27.909421393128916,
    "mean_entropy_1.75": 1.84167028010419,
    "min_chosen_weight_rev_1.75": 0.0002052969763803014,
    "max_chosen_weight_rev_1.75": 0.9728166769272705,
    "mean_chosen_weight_rev_1.75": 0.08841533815191226,
    "min_rejected_weight_1.75": 0.0002052969763803014,
    "max_rejected_weight_1.75": 0.498602948966947,
    "mean_rejected_weight_1.75": 0.012096115995855168,
    "min_entropy_2": 0.004344709754554893,
    "max_entropy_2": 44.90416926178619,
    "mean_entropy_2": 2.3795857996588254,
    "min_chosen_weight_rev_2": 6.103515625e-05,
    "max_chosen_weight_rev_2": 0.968994140625,
    "mean_chosen_weight_rev_2": 0.07566139914772728,
    "min_rejected_weight_2": 6.103515625e-05,
    "max_rejected_weight_2": 0.451416015625,
    "mean_rejected_weight_2": 0.008240952322134388,
    "min_entropy_2.5": 0.001115452191956507,
    "max_entropy_2.5": 116.24073109924471,
    "mean_entropy_2.5": 4.260830699215861,
    "min_chosen_weight_rev_2.5": 5.3947966093944364e-06,
    "max_chosen_weight_rev_2.5": 0.9613940692396875,
    "mean_chosen_weight_rev_2.5": 0.058850827559633175,
    "min_rejected_weight_2.5": 5.3947966093944364e-06,
    "max_rejected_weight_2.5": 0.3700165964182861,
    "mean_rejected_weight_2.5": 0.004300378354545647,
    "min_entropy_3": 0.0002863789902734356,
    "max_entropy_3": 300.9054123173739,
    "mean_entropy_3": 8.186734290243892,