{"chosen_weight": 0.4894248708381171, "rejected_weight": 0.08272190729047073, "entropy": 2.781875955966184, "size": 1742}