{
    "chosen_weight": 0.47328176062091504,
    "rejected_weight": 0.08589920343137254,
    "entropy": 2.7929317990219884,
    "size": 612,
    "min_entropy": 0.11611507530476972,
    "max_entropy": 6.601409765557392,
    "min_rejected_weight": 0.0078125,
    "max_rejected_weight": 0.578125,
    "min_chosen_weight": 0.0078125,
    "max_chosen_weight": 0.984375,
    "min_entropy_-3": 0.003476081305925669,
    "max_entropy_-3": 638.7547982099458,
    "mean_entropy_-3": 3.0349475749874286,
    "min_chosen_weight_rev_-3": 1.023808535806048,
    "max_chosen_weight_rev_-3": 262144.0,
    "mean_chosen_weight_rev_-3": 1461.2140859088483,
    "min_rejected_weight_-3": 5.17529070341342,
    "max_rejected_weight_-3": 2097152.0,
    "mean_rejected_weight_-3": 193802.75183264783,
    "min_entropy_-2.5": 0.008931168267143547,
    "max_entropy_-2.5": 217.6599272005184,
    "mean_entropy_-2.5": 1.4110383704245997,
    "min_chosen_weight_rev_-2.5": 1.0198014420121362,
    "max_chosen_weight_rev_-2.5": 32768.0,
    "mean_chosen_weight_rev_-2.5": 234.67564132726568,
    "min_rejected_weight_-2.5": 3.935008046765484,
    "max_rejected_weight_-2.5": 185363.80004736633,
    "mean_rejected_weight_-2.5": 18989.393440184853,
    "min_entropy_-2": 0.022947037078809206,
    "max_entropy_-2": 74.16906149543084,
    "mean_entropy_-2": 0.7853389452952364,
    "min_chosen_weight_rev_-2": 1.0158100316200633,
    "max_chosen_weight_rev_-2": 4096.0,
    "mean_chosen_weight_rev_-2": 43.792148553384166,
    "min_rejected_weight_-2": 2.991964937910884,
    "max_rejected_weight_-2": 16384.0,
    "mean_rejected_weight_-2": 1972.6439667576824,
    "min_entropy_-1.5": 0.058958301416557696,
    "max_entropy_-1.5": 25.273598837718893,
    "mean_entropy_-1.5": 0.5688287748906572,
    "min_chosen_weight_rev_-1.5": 1.0118342432464162,
    "max_chosen_weight_rev_-1.5": 512.0,
    "mean_chosen_weight_rev_-1.5": 10.470029220481583,
    "min_rejected_weight_-1.5": 2.2749265270362953,
    "max_rejected_weight_-1.5": 1448.1546878700494,
    "mean_rejected_weight_-1.5": 225.2119634148651,
    "min_entropy_-1.25": 0.09450485843142428,
    "max_entropy_-1.25": 14.753302247311224,
    "mean_entropy_-1.25": 0.5416583217816723,
    "min_chosen_weight_rev_-1.25": 1.009852188199905,
    "max_chosen_weight_rev_-1.25": 181.01933598375618,
    "mean_chosen_weight_rev_-1.25": 5.802106742362531,
    "min_rejected_weight_-1.25": 1.983685470725005,
    "max_rejected_weight_-1.25": 430.5389646099018,
    "mean_rejected_weight_-1.25": 80.08867862325013,
    "min_entropy_-1": 0.15148279466265865,
    "max_entropy_-1": 8.612146160826049,
    "mean_entropy_-1": 0.5533970375268363,
    "min_chosen_weight_rev_-1": 1.0078740157480315,
    "max_chosen_weight_rev_-1": 64.0,
    "mean_chosen_weight_rev_-1": 3.522486269699389,
    "min_rejected_weight_-1": 1.7297297297297298,
    "max_rejected_weight_-1": 128.0,
    "mean_rejected_weight_-1": 29.76414553926762,
    "min_entropy_-0.75": 0.2428133056826946,
    "max_entropy_-0.75": 5.0272854342795075,
    "mean_entropy_-0.75": 0.6009638050996975,
    "min_chosen_weight_rev_-0.75": 1.0058997182852853,
    "max_chosen_weight_rev_-0.75": 22.627416997969522,
    "mean_chosen_weight_rev_-0.75": 2.331565369207467,
    "min_rejected_weight_-0.75": 1.5082859566528808,
    "max_rejected_weight_-0.75": 38.05462768008707,
    "mean_rejected_weight_-0.75": 11.646645348931925,
    "min_entropy_-0.5": 0.38920790673194017,
    "max_entropy_-0.5": 2.9346458322642697,
    "mean_entropy_-0.5": 0.6861592523782677,
    "min_chosen_weight_rev_-0.5": 1.0039292882210538,
    "max_chosen_weight_rev_-0.5": 8.0,
    "mean_chosen_weight_rev_-0.5": 1.6630105794397212,
    "min_rejected_weight_-0.5": 1.3151918984428583,
    "max_rejected_weight_-0.5": 11.313708498984761,
    "mean_rejected_weight_-0.5": 4.8284357997797605,
    "min_entropy_0.1": 0.8062855207389482,
    "max_entropy_0.1": 1.2077127997643333,
    "mean_entropy_0.1": 1.0930838845231121,
    "min_chosen_weight_rev_0.1": 0.6597539553864471,
    "max_chosen_weight_rev_0.1": 0.9992159897506638,
    "mean_chosen_weight_rev_0.1": 0.9213500232771975,
    "min_rejected_weight_0.1": 0.6155722066724582,
    "max_rejected_weight_0.1": 0.9466777611192098,
    "mean_rejected_weight_0.1": 0.7520097844952645,
    "min_entropy_0.2": 0.6500963409532768,
    "max_entropy_0.2": 1.4585702067146047,
    "mean_entropy_0.2": 1.199242857234621,
    "min_chosen_weight_rev_0.2": 0.43527528164806206,
    "max_chosen_weight_rev_0.2": 0.9984325941733988,
    "mean_chosen_weight_rev_0.2": 0.8532047569722542,
    "min_rejected_weight_0.2": 0.3789291416275995,
    "max_rejected_weight_0.2": 0.8961987833976796,
    "mean_rejected_weight_0.2": 0.570976101383421,
    "min_entropy_0.5": 0.34075662180619426,
    "max_entropy_0.5": 2.5693208763323807,
    "mean_entropy_0.5": 1.6146480399431147,
    "min_chosen_weight_rev_0.5": 0.125,
    "max_chosen_weight_rev_0.5": 0.9960860906568267,
    "mean_chosen_weight_rev_0.5": 0.6951219932512384,
    "min_rejected_weight_0.5": 0.08838834764831845,
    "max_rejected_weight_0.5": 0.7603453162872774,
    "mean_rejected_weight_0.5": 0.26400753066385096,
    "min_entropy_0.7": 0.2215246329918065,
    "max_entropy_0.7": 3.7475348817082694,
    "mean_entropy_0.7": 1.9963485651892734,
    "min_chosen_weight_rev_0.7": 0.05440941020600777,
    "max_chosen_weight_rev_0.7": 0.9945248195145348,
    "mean_chosen_weight_rev_0.7": 0.6170511332006549,
    "min_rejected_weight_0.7": 0.03349292070425917,
    "max_rejected_weight_0.7": 0.681420547418782,
    "mean_rejected_weight_0.7": 0.16470835683169663,
    "min_entropy_1": 0.11611507530476972,
    "max_entropy_1": 6.601409765557392,
    "mean_entropy_1": 2.7929317990219884,
    "min_chosen_weight_rev_1": 0.015625,
    "max_chosen_weight_rev_1": 0.9921875,
    "mean_chosen_weight_rev_1": 0.526718239379085,
    "min_rejected_weight_1": 0.0078125,
    "max_rejected_weight_1": 0.578125,
    "mean_rejected_weight_1": 0.08589920343137254,
    "min_entropy_1.5": 0.039566980801625184,
    "max_entropy_1.5": 16.961139923871052,
    "mean_entropy_1.5": 5.079782203006748,
    "min_chosen_weight_rev_1.5": 0.001953125,
    "max_chosen_weight_rev_1.5": 0.9883041680735702,
    "mean_chosen_weight_rev_1.5": 0.421727982310381,
    "min_rejected_weight_1.5": 0.0006905339660024879,
    "max_rejected_weight_1.5": 0.43957463597858226,
    "mean_rejected_weight_1.5": 0.033018884279043766,
    "min_entropy_1.75": 0.02309697287387282,
    "max_entropy_1.75": 27.18718295522088,
    "mean_entropy_1.75": 6.955227404728365,
    "min_chosen_weight_rev_1.75": 0.0006905339660024879,
    "max_chosen_weight_rev_1.75": 0.9863682054622106,
    "mean_chosen_weight_rev_1.75": 0.3830661461685357,
    "min_rejected_weight_1.75": 0.0002052969763803014,
    "max_rejected_weight_1.75": 0.3832993322320315,
    "mean_rejected_weight_1.75": 0.02153599661338517,
    "min_entropy_2": 0.013482710713032343,
    "max_entropy_2": 43.578610892796505,
    "mean_entropy_2": 9.606009745726663,
    "min_chosen_weight_rev_2": 0.000244140625,
    "max_chosen_weight_rev_2": 0.98443603515625,
    "mean_chosen_weight_rev_2": 0.3507406197342218,
    "min_rejected_weight_2": 6.103515625e-05,
    "max_rejected_weight_2": 0.334228515625,
    "mean_rejected_weight_2": 0.014453464084201388,
    "min_entropy_2.5": 0.004594322955363086,
    "max_entropy_2.5": 111.96743472842773,
    "mean_entropy_2.5": 18.744717776860842,
    "min_chosen_weight_rev_2.5": 3.0517578125e-05,
    "max_chosen_weight_rev_2.5": 0.9805830417604955,
    "mean_chosen_weight_rev_2.5": 0.2998974264157645,
    "min_rejected_weight_2.5": 5.3947966093944364e-06,
    "max_rejected_weight_2.5": 0.2541290864251179,
    "mean_rejected_weight_2.5": 0.007003194976802405,
    "min_entropy_3": 0.001565545969756176,
    "max_entropy_3": 287.68026751713256,
    "mean_entropy_3": 37.538224034508474,
    "min_chosen_weight_rev_3": 3.814697265625e-06,
    "max_chosen_weight_rev_3": 0.9767451286315918,